Document Key,A case could be make for obtaining as of 2017-11-10,Author Name,Article Title,"Publication Title

All italics are produced by the webiste programming, so encoding for italics is essential here.",Volume Number,Issue Number,Month,"Standardized Date 

(yyyy-mm-dd)","Pages 

(Website uses this column only)","Publisher 

(required for monograph)","Year of publication

(required for monograph)",Archival Holding,Cost,Notes
VedderNorris1963,,"Vedder, J. G. and Robert M. Norris. ","""History and Culture,"" in ""Introduction.""","Geology of San Nicolas Island, California",,,,1/1/1963,3/4/2016,"United States Government Printing Office, ",1963,,,
Townsend1971,,"Townsend, John Rowe. ","""Alan Garner"" and ""Andre Norton,"" in ","A Sense of Story: Essays on Contemporary
Writers for Children",,,,1/1/1971,"108-16, 143-9. ","Longman Group Limited, ",1971: ,,,
HeizerElsasser1976_1C,,,"""The Indian Woman of San Nicolas Island, Anonymous (A],
1853."" ",Original Accounts of the Lone Woman of San Nicolas Island,,,,1/1/1/1/1976,15-16,Ballena Press,1976,,,"Ballena Press

reprinted from HeizerElsasser1961"
PetersonSolt1982,,"Peterson, Linda K. and Marilyn L. Solt. ","""N193: O'Dell, Scott."" ",Newbery and Caldecott Medal and Honor Books: An Annotated Bibliography,,,,1/1/1982,150-1.,G. K. Hall & Co.,1982,,,"Boston, Massachusetts"
Phelps1976,,"Phelps, William D.","""Logbook of the Alert, by William D. Phelps, 1841."" ",Original Accounts of the Lone Woman of San Nicolas Island,,,,1/1/1/1/1976,16,Ballena Press,1976,,,"Ballena Press

reprinted from HeizerElsasser1961"
Schwartz1993,,"Schwartz, Steven J. ","""Ecological Ramifications of Historic Occupation of San Nicolas Island."" ",The Fourth California Islands Symposium: Update on the Status of Resources,,,,1/1/1993,171-80.,"Santa Barbara Museum of Natural History, ",1993,,,"Santa Barbara, CA"
Robinson1956,yes,"Robinson, W. W. ","""1873: Ventura County Is Formed,"" in ",The Story of Ventura County ,,,,1/1/1956,18-21. ,"Title Insurance and Trust Company, ",1956: ,,,
Russell1999,,"Russell, David L. ","""Chapter Three: Island of the Blue Dolphins."" ",Scott O'Dell ,,,,1/1/1999,25-36. ,Twayne Publishers ,1999,,,Twayne was bought by Gale/Cengage but the book is not listed as covered by Cengage's Copyright Clerance Center titles. I emailed: ʺpermissionrequest@cengage.comʺ inquiring on 1/27/15
Sullivan1997,,"Sullivan, Noelle. ","""Chapter Seven: The Lone Woman of San Nicolas Island: 1853."" ",It Happened in Southern California,,,,1997,25-8.,"Falcon Publishing Co., Inc. ",1996,,,
Weiss2001,,"Weiss, Jaqueline Schachter. ","""Scott O'Dell, author (1898-1989): 1976 Interview."" ","Profiles in Children's Literature: Discussion with Authors, Artists,and Editors ",,,,1/1/2001,270-276. ,"The Scarecrow Press, Inc. ",2001,,,
SchoenherrFeldmethEmerson1999,,"Schoenherr, Allan A., C. Robert Feldmeth, and Michael J. Emerson. ","""Chapter Seven: The Outer Southern Channel Islands: San Clemente, San Nicolas, and Santa Barbara,"" in ",Natural History of the Islands of California ,,,,1/1/1999,314-38. ,"University of California Press, ",1999: ,,,
Russell1976,,"Russell, C. J. W.","""Narrative of a Woman Who Was Eighteen Years Alone Upon the
Island of San Nicolas, Coast of California, by C. J. W. Russell, 1856."" ",Original Accounts of the Lone Woman of San Nicolas Island,,,,1/1/1/1/1976,37-40,Ballena Press,1976,,,"Ballena Press

reprinted from HeizerElsasser1961"
HeizerElsasser1976_2D,,,"""The Indian Woman of San Nicolas. Anonymous [B), 1857."" ",Original Accounts of the Lone Woman of San Nicolas Island,,,,1/1/1/1/1976,40-41,Ballena Press,1976,,,"Ballena Press

reprinted from HeizerElsasser1961"
Taylor1976,,"Taylor, Alex S.","""A Report of the Indian Woman of San Nicol as Island, by A. S. Taylor, 1860."" ",Original Accounts of the Lone Woman of San Nicolas Island,,,,1/1/1/1/1976,42,Ballena Press,1976,,,"Ballena Press

reprinted from HeizerElsasser1961"
Power1955,,"Power, John.","""Part I.""",A California Saga: A Narrative In Verse,,,,1/1/1955,7-34,Exposition Press,1955,,,New York
Schwartz2003,,"Schwartz, Steven J. ","""Some Observations on the Material Culture of the Nicoleño."" ","Proceedings of the Sixth California Islands Symposium,
Ventura, California, December 1 - 3, 2003 ",,,,1/1/2005,83-91. ,Institute for Wildlife Studies/National Park Service,2005,,,I called Coastal Southern California Science & Learning on 1/27/15 and got a voicemail from over a month ago.  Number: 805-370-2323.  Reached them on 2/2 and was given this contact name/number: Stacy Osterman   805 370 2347.   I called a left a message on 2/25
Stillman1948,yes,"Stillman, Donald Lee. ","""Juana Maria,"" in ""Chapter V: Historical Sketches."" ","A Historical Survey of the Santa Barbara, California Area During the Early Years of the American Period: 1846-1864 ",,,,1/1/1948,89-94. ,"University of Southern California, ",1948,,,THESIS
"Harrington_mf3_r65_1
Harrington_mf3_r65_2
Harrington_mf3_r69_1
Harrington_mf3_r69_2",,,,Harrington notes,,,,,,,,Smithsonian,,
Anderson1956,,"Anderson, John Q.","""Emerson and the Ballad of George Nidever--'Staring Down' a Grizzly Bear."" ",Western Folklore ,"15, ",no. 1 ,(Jan 1956): ,1/1/1956,40-5. ,,,,,
Anderson1969,yes,"Anderson, Walt. ","""The Channel Islands."" ",Los Angeles Times ,,,"(3 Aug 1969, West Magazine): ",8/3/1969,22-26. ,,,,,
AssociatedPress2015_Web,,Associated Press. ,"""Navy to Return Over 900 Human Remains, Burial Objects to Native American Tribes."" ",NBC Los Angeles ,,,,,,,,,,http://www.nbclosangeles.com/news/local/Navy-to-Return-Over-900-Human-Remains-to-Native-American-Tribes-Channel-Islands-Report-294574001.html
Ater1964,,"Ater, Jean. ","""'Island of Blue Dolphins'  Based on True Experience."" ",Amarillo Globe-Times ,"41st year, ",no. 87 ,(19 Jun 1964): ,6/19/1964,13,,,,,
Barnaby1963,,"Barnaby, Nell. ","""Library Notes: Award-Winning Books Available."" ",Ottawa Herald ,"67, ",no. 112 ,(20 Apr 1963): ,4/20/1963,4,,,,,
Bates1964,,"Bates, Dan. ","""Island of the Blue Dolphins."" ",Film Quarterly ,"18, ",no. 1 ,"(1964, Autumn): ",9/1/1964,61,,,,,
Beasley1971,,"Beasley, Barbara. ","""Adventures in Books."" ",Delta Democrat-Times ,"103rd year, ",no. 32 ,(7 Oct 1971): ,10/7/1971,18,,,,,
Beecher2000,,"Beecher, Jonathan. ","""Variations on a Dystopian Theme: Melville's 'Encantadas'."" ",Utopian Studies ,"11, ",no. 2 ,(2000): ,1/1/2000,88-95. ,,,,,
Bennett1964,,"Bennett, Patrick. ","""'Island' Good Film to See."" ",Abilene Reporter-News ,"34th year, ",no. 6 ,(22 Jun 1964): ,6/22/1964,3A.,,,,,
Bernstein1983,,"Bernstein, Joanne E. ","""O'Dell, Scott. Island of the Blue Dolphins,"" in ",Books to Help Children Cope with Separation and Loss,,,,1/1/1983,254,"R. R. Bowker Company, ",1983 (2nd Edition): ,,,
Black2004,yes,"Black, Lydia T. ",,Russians in Alaska: 1732-1867 ,,,"2004, ",1/1/2004,193 & 205. ,University of Alaska Press,,,,amy.simpson@alaska.edu email sent 1/24/15
Boyd1981_DR,,"Boyd, L. M. ","""Reading Tops Leisure List."" ",Daily Record ,"80, ",no. 224 ,(21 Sep 1981): ,9/21/1981,6,,,,,"Ellensburg, Washington"
Boyd1981_TB,,"Boyd, L. M. ","""Sex falls second to reading.""","Bulletin (Bend, Oregon)","78th year,",no. 248,(22 Sep 1981):,9/22/1981,C8.,,,,,
Brantingham1993_Jun13,yes,"Brantingham, Barney","""Lone Woman of [San] Nicolas Island Existed.""",Santa Barbara News-Press,"138th year, ",no. 361,(13 Jun 1993),,B2,,,,,
Brantingham1965,,"Brantingham, Barney.","""Fancy Togs,"" in ""City's Past Relived in El Desfile Historico: Floats and Horsemen Thrill Throng Along Entire Route."" ",Santa Barbara News Press ,One Hundred and Eleventh Year,78,(12 Aug 1965): ,8/12/1965,"A1, A5, A8-A9.",,,,,
Sullivan2015,,"Brennan, Deborah Sullivan.","""Artifacts Highlight Iconic Indian's Life - Grad student hopes San Nicolas Island link to local tribe."" ",The San Diego union-tribune,,,(2 Mar 2015): ,3/2/2015,,,,,,
Brennan2015_Web,,"Brennan, Deborah Sullivan. ","""Artifacts highlight Lone Woman story."" ",San Diego Union-Tribune,,,,,,,,,,http://www.utsandiego.com/news/2015/mar/01/environment-san-nicolas-lone-woman-pechanga/
Busch1985,,"Busch, Briton Cooper. ",,The War Against the Seals: A History of the North American Seal Fishery ,,,"1985, ",1/1/1985,196-7. ,McGill-Queen's University Press,1985,,,permissions.mqup@mcgill.ca; permission request sent 1/24/15
Camp1966,,"Camp, Charles L. ",,George C. Yount and his Chronicles of the West,,,,,110-1,,,,,
Chiles2015,yes,"Chiles, Frederic Caire.","""Chapter 8: San Nicolas Island."" ",California's Channel Islands: A History,,,,1/1/2015,195-209.,"University of Oklahoma Press: Norman, ",2015,,,
ColemanWise1994,,"Coleman, Chris D. and Karen Wise. ","""Archaeological Field Research by Los Angeles Museum:
Channel Islands Biological Survey 1939-1941."" ",The Fourth California Islands Symposium: Update on the Staflls of Resources,,,,1/1/1994,1994,Santa Barbara Museum of Natural History,,,,"Edited by W. L. Halvorson and G. J. Maender

Santa Barbara, CA"
Collins1961,,"Collins, Waneta. ","""Library Notes."" ",Tipton Daily Tribune ,"67, ",no. 34 ,(11 Nov 1961): ,11/11/1961,3,,,,,
Comstock1946,,"Comstock, John A.","""Brief Notes on the Expeditions Conducted Bewtwwn March 16, 1940 and December 14, 1941.""",Bulletin of the Southern California Academy of Sciences,45,Part 2,(1946): ,1/1/1946,94-107,,,,,
ContiHyderPadgett2002,,"Conti, Kathleen, William D. Hyder, and Antoinette Padgett. ","""Cave of the Whales: Rock Art on San Nicolas Island."" ",Proceedings of the Fifth California Islands Symposium : 29 March to 1 April 1999,12,,(2002): ,1/1/2002,669-76. ,,,,,Resent email to lead author on 2/25/5.http://www.mednscience.org/download_product/1625/0. I sent an email to Conti (lead author) asking about citation information and permission. I called Coastal Southern California Science & Learning on 1/27/15 and got a voicemail from over a month ago.  Number: 805-370-2323
Cossi1963,,"Cossi, Olga. ","""Barnacles 'round the Bay."" ",Mendocino Beacon ,"86, ",no. 3 ,(27 Sep 1963): ,9/27/1963,6-7. ,,,,,
Cox2001,,"Cox, Jay Ann. ","""Juana Maria,"" in",Native American Women: A Biographical Dictionary: Second Edition,,,,,,,,,,
Cross1961,,"Cross, Leslie.","""'Best' Books, Junior Grade.""",Milwauke Journal,79th year ,,"(19 Mar 1961, Sect 5): ",3/19/1961,4,,,,,
Dard1964,,"Dard, Les. ","""Marin Film Fare: 'Blue Dolphins' Showing At Drive-In."" ",Daily Independent-Journal ,"104, ",no. 149 ,(11 Sep 1964): ,9/11/1964,39,,,,,
Dard1965_Apr23,,"Dard, Les. ","""Marin Film Fare: 'Circus World' Is Now Showing."" ",Daily Independent-Journal ,"105, ",no. 28 ,(23 Apr 1965): ,4/23/1965,43,,,,,
Dard1965_Jan8,,"Dard, Les. ","""Marin Film Fare: Funny Thriller At Sequoia."" ",Daily Independent-Journal ,"104, ",no. 249,(8 Jan 1965): ,1/8/1965,33,,,,,
Davidson1943_SPT,,"Davidson, Garber. ","""Ghost Story of 1853. Archaeolists Bare Island's Secret.""","St. Petersburg Times (St. Petersburg, Florida)","59,",no. 360,(19 Jul 1943):,7/19/1943,6,,,,,
Debman1984_TGT,,"Debnam, Betty. ","""Meet award-winning author Scott O'Dell."" ",Gettysburg Times (The Mini Page Insert) ,"82, ",no. 211 ,(8 Sep 1984): ,9/8/1984,2,,,,,
Debnam1984_TIJ,,"Debnam, Betty. ","""Meet award-winning author Scott O'Dell."" ",Index-Journal (The Mini Page Insert) ,"66th year, ",no. 186 ,(9 Sep 1984): ,9/9/1984,2,,,,,
Debman1980,,"Debnam, Betty. ","""Meet award-winning author Scott O'Dell."" ",Indiana Gazette ,"81, ",no. 15 ,(24 Jan 1980): ,1/24/1980,2,,,,, 
Dittman1976,,"Dittman, Carl.","""Narrative of a Seafaring Life on the Coast of California, Carl Dittman, 1878."" ",Original Accounts of the Lone Woman of San Nicolas Island,,,,1/1/1/1/1976,1-7,Ballena Press,1976,,,"Ballena Press

reprinted from HeizerElsasser1961"
Nunis1977,,"Doyce J. Nunis Jr., ","""Memorial to Rev. Maynard J. Geiger, O.F.M,"" ",Journal of California Anthropology ,"4, ",no. 2 ,1977,,155-72.,,,,,
Duff1941,,"Duff, James L. ","""History. Love Stories of Old California. Mrs. Fremont Older. COward-McCann. $3.50."" ",Commonweal,"33, ",no. 12 ,(10 Jan 1941): ,1/10/1941,307-308. ,,,,,
Duncan1964,,"Duncan, Ray. ","""Three Girls From the Pasadena Playhouses Enjoy Heady Success"" and ""Movies at a Glance."" ",Independent Star-News (Scene Magazine) ,,,(17 Jul 1964): ,7/17/1964,3 & 6. ,,,,,
Eichelbaum1964,,"Eichelbaum, Stanley",Blue Dolphins' and the Family,San Francisco Examiner,,,(27 Jul 1964):,7/27/1964,29,,,,,
ErlandsonThomasBarnettVellanowethSchwartzMuhs2013,,"Erlandson, Jon M., Lisa Thomas-Barnett, Rene L. Vellanoweth, Steven J. Schwartz, and Daniel R. Muhs. ","""From the Island of the Blue Dolphins: A Unique Nineteenth-Century Cache Feature From San Nicolas Island, California."" ",Journal of Island & Coastal Archaeology,"8, ",,(2013): ,1/1/2013,66-78. ,,,,,
Ewing1996,,"Ewing, Russell E.","""Juana Maria: Killed By Kindness."" ",True West ,"43, ",no. 7 ,(Jul 1996): ,7/1/1996,20-23.,,,,,"Stillwater, Oklahoma"
Farris2007,yes,"Farris, Glen J. ","""Otter Hunting by Alasken Natives Along the California Coast In the Early Nineteenth Century."" ",Mains’l Haul: A Journal of Pacific Maritime History,"43, ",no. 1/2,(2007): ,1/1/2007,20-33. ,,,,,
Farris2012,,"Farris, Glen J. ",,So Far From Home: Russians in Early California ,,,,1/1/2012,11-16.,Heyday,2012,,,"Berkeley, California

Email sent to Heyday 2/28.  Book is not in copyright clearance center database.  This is a condensed version of Farris' 2007 article"
Feinstein1964,,"Feinstein, George W. ","""A World w/o the Pessimistic Old Folks."" ",Independent Star-News (Scene Magazine) ,,,(1 Nov 1964): ,11/1/1964,5,,,,,
Foster1939,,"Foster, Freling. ","""Keep Up with the World."" ",Collier's Weekly,,,(22 Apr 1939): ,4/22/1939,6,,,,,
Foster1949,,"Foster, Freling. ","""Keep Up with the World."" ",Collier's Weekly,"123, ",no. 24 ,(11 Jun 1949): ,6/11/1949,8,,,,,
Gallo1990,,"Gallo, Donald R. ","""Scott O'Dell,"" in ",Speaking for Ourselves: Autobiographical Sketches by Notable Authors of Books for Young Adults ,,,,1/1/1990,154-156. ,"National Council of Teachers of English, ",1990,,,
Garriss1971,,"Garriss, Kaye. ","""In Movie Fare: Monroe, Blue Dolphin Isle."" ",Daily Herald ,"96th year, ",no. 226 ,"(14 Jun 1971, TV Section): ",6/14/1971,TV6.,,,,,
Gaye1964,yes,Gaye.,"""Movie Spotlight.""",American Girl,,,(Jun 1964):,6/1/1964,6,,,,,
Geiger1965,,"Geiger, Maynard. ",,Mission Santa Barbara 1782-1965 ,,,,1/1/1965,149-52. ,"Franciscan Fathers of California, ",1965,,,Email sent to boardpresident@sfcla.org on 1/28/15; heritage publishers appears to be a self-publishing entity
Gidmark1977,yes,"Gidmark, David. ","""Island off California a seal haven."" ",Ottawa Journal ,"92nd year, ",no. 23 ,(8 Jan 1977): ,1/8/1977,27,,,,,
GillespieLembo1967,,"Gillespie, John and Diana Lembo. ","""Scott O'Dell, Island of the Blue Dolphins,"" in ",Juniorplots: A Book Talk Manual for Teachers and Librarians ,,,,1/1/1967,47-50. ,"R. R. Bowker Company, ",1967: ,,,
Glassow1980,,"Glassow, Michael A.","""Recent Developments in the Archaeology of the Channel Islands,""",,,,,,,,,,,"[Second Channel Islands Symposium]

CHECK ILL REQUEST FOR MONOGRAPH SOURCE

CONSIDER SHORTENING TO SECTION OF PAPER"
Gleason1958,,"Gleason, Duncan. ","""San Nicolas Island."" ",The Islands and Ports of California: A Guide to Coastal California ,,,,1/1/1958,36-41. ,"Devin-Adair Company, ",1958,,,"New York, NY"
Greene1965,,"Greene, Jillinda. ","""For Your Pleasure."" ",Port Angeles Evening News ,,,(26 Dec 1965): ,12/26/1965,3,,,,,
Gripenwaldt1964,,"Gripenwaldt, Raoul.","""Island of the Blue Dolphins.""",Evening Outlook,"89, ",no. 183 ,(31 Jul 1964): ,7/31/1964,22,,,,,
Guthrie1980,,"Guthrie, Daniel A.","""Analysis of Avifaunal and Bat Remains from Midden Sites on San Miguel Island,""",,,,,,,,,,,"[Second Channel Islands Symposium]

CHECK ILL REQUEST FOR MONOGRAPH SOURCE

CONSIDER SHORTENING TO SECTION OF PAPER"
Hall1962,,"Hall, Thorne. ","""San Nicolas--Isle of the Lost Woman."" ",Odyssey of the California Islands ,,,(1962): ,1/1/1962,21-22. ,,,,,
Hall1960,,"Hall, Thorne. ","""San Nicolas--Isle of the Lost Woman."" ",The Fabulous Channel Islands ,,,(1960): ,1/1/1960,51-52. ,,,,,
Hardacre1976,,"Hardacre, Emma.","""Eighteen Years Alone; A Tale of the Pacific, by Emma Hardacre, 1880."" ",Original Accounts of the Lone Woman of San Nicolas Island,,,,1/1/1/1/1976,17-28,Ballena Press,1976,,,"Ballena Press

reprinted from HeizerElsasser1961"
Hector1960,,"Hector, Mary Louise. ","""Young Readers Bookshelf."" ",Critic ,"18, ",no. 6 ,(Jun-Jul 1960): ,6/1/1960,68-72. ,,,,,
Hefeng2008,,"Hefeng, Guan. ","""A Literary Ethical Interpretation of Island of the Blue Dolphins."" ",Foreign Literature Studies ,5,,(2008): ,1/1/2008,111-7. ,,,,,
Hegland1996,,"Hegland, Jean. ",,Into the Forest,,,,1/1/1996,"116-9, 158-65, 170-5, 182-3. ",Calyx Books,1996,,,
Heizer1968,,"Heizer, Robert F. ","""Letter No. XXII: Finis,"" in ",Hugo Reid's Letters of 1852 ,,,,1/1/1968,"100-3, 134-5. ","Southwest Museum, ",1968: ,,,
HeizerElsasser1976,,"Heizer, Robert F. and Albert B. Elsasser.","""Original Accounts of the Lone Woman of San Nicolas Island.""",Original Accounts of the Lone Woman of San Nicolas Island,,,,1/1/1/1/1976,"i-v, 42-6",Ballena Press,1976,,,"Ballena Press

reprinted from HeizerElsasser1961"
Henderson1993,,"Henderson, Ashley. ","""Mailbox."" ",North Hills News Record ,,,"(16 Oct 1993, Kids Today Section): ",10/16/1993,2,,,,,
HoffmanSamuels1972,,"Hoffman, Miriam and Eva Samuels. ","""Scott O'Dell."" ",Authors and Illustrators of Children's Books: Writings On Their Lives and Works ,,,,1/1/1972,343-347. ,"R. R. Bowker Company, ",1972,,,"New York, New York"
Hollenbach1942,yes,"Hollenbach, Marion Grace. ","""C. Ethnological Evidence,"" in ""Southwest Area,"" in ""Chapter III: Dogs in Central North America."" ",Dogs in Native American Culture ,,,,1/1/1942,101-104. ,"University of Southern California, ",1942,,,THESIS
Hopkins1989,,"Hopkins, Lee Bennett. ","""Interviews: Scott O'Dell."" ",World of Reading: Star Walk ,,,,1/1/1989,132-137. ,"Sliver, Burdett & Ginn Inc. ",1989,,,"Morristown, New Jersey"
Houge1974,,"Houge, Conrad L.","""Chapter IV: Island of the Blue Dolphins and Man Alone."" ",Scott O'Dell: Success In Children's Literature,,,,6/1/1974,23-37.,,1974,,,
HudsonBlackburn1982_1,,"Hudson, Travis and Thomas C. Blackburn. ","""58. Bucket Burden Basket."" ","The Material Culture of of Chumash Interaction Sphere, Volume I: Food Procurement and Tran.sportation",,,,,259-62. ,Ballena Press/Santa Barbara Museum of Natural History,1982,,,They've asked for fee for other materials. Waiting to contact until we have funds.
HudsonBlackburn1982_2,,"Hudson, Travis and Thomas C. Blackburn. ","""97. Small Water Bottle,"" ""111. Small Stone Mortar.""  ","The Material Culture of of Chumash Interaction Sphere, Volume II: Food Preparation and Shelter ",,,,1/1/1983,"39-48, 103-8. ",Ballena Press/Santa Barbara Museum of Natural History,1983,,,They've asked for fee for other materials. Waiting to contact until we have funds.
HudsonBlackburn1982_3,,"Hudson, Travis and Thomas C. Blackburn. ","""201. Birdskin Dress,"" ""204.1 Birdskin Cape,"" ""285. Limpet Shell Necklace,"" and ""285.1 Limpet Bead.""","The Material Culture of of Chumash Interaction Sphere, Volume III: Clothing, Ornamentation, and Grooming ",,,,1/1/1985,"38-9, 46-7, 97-9, 291-4. ",Ballena Press/Santa Barbara Museum of Natural History,1985,,,They've asked for fee for other materials. Waiting to contact until we have funds.
Jackson1960,,"Jackson, Charlotte. ","""California Authors--Starting With ABC."" ",San Francisco Sunday Chronicle ,"24, ",no. 3 ,"(8 May 1960, This World Magazine): ",5/8/1960,31 & 43. ,,,,,
Jacobs1965,,"Jacobs, William J.","""The Children's Book Room and the World Beyond.""",Teachers College Record,"66, ",no. 5 ,(Feb 1965): ,2/1/1965,464-9.,,,,,"Email sent to editor of TCRecord, 1/23/15; editor bounced me back to Copyright Clearance. Spoke with CC on 2/18 - charge of $500. I said we couldn't afford and she said she'd check back in with the editor and get back to me."
JohnsonMcLendon2002,,"Johnson, John R. and Sally McLendon. ","""The Social History of Native Islanders Following Missinonization.""",Proceedings of the Fifth California Islands Symposium : 29 March to 1 April 1999,12,,(2002): ,1/1/2002,646-53.,,,,,
Johnston1957,yes,"Johnston, Bernice. ","""The Gabrielino Indians of Southern California: Part VIII: The Islands."" ",Masterkey ,"31, ",no. 1 ,(Jan-Feb 1957): ,,9-25. ,,,,Published source--N/A,"Los Angeles, California"
Kaulback1964,,"Kaulback, Jean. ","""Summer Reading Reviewed."" ",New Castle News ,"83rd year, ",no. 117 ,(21 Jul 1964): ,7/21/1964,14,,,,,
KerrHawley2002,,"Kerr, Susan L. and Georganna M. Hawley.","""Population Replacement on the Southern Channel Islands: New Evidence from San Nicolas Island.""",Proceedings of the Fifth California Islands Symposium : 29 March to 1 April 1999,12,,(2002): ,1/1/2002,546-54.,,,,,
Kingston1974,,"Kingston, Carolyn T. ","""The Effect of the Prospective Loss or Actual Loss of a Loved Animal,"" in ",The Tragic Mode in Children's LIterature,,,,1/1/1974,145-148. ,"Teachers College Press, ",1974,,,wil end with elipsis
Kroeber1972,,"Kroeber, Alfred L.","""The San Nicoleno,"" in ""Chapter 44.""",Handbook of the Indians of California,,,,1/1/1972,633-5. ,Government Printing Office: ,1972: ,,,
Kroeber1967,,"Kroeber, Alfred L.","""The San Nicoleno,"" in ""Chapter 44.""",Handbook of the Indians of California,,,,,,"California Book Company, Ltd. ",1967: ,,,"Berkeley, CA"
Kroeber1953,,"Kroeber, Alfred L.","""The San Nicoleno,"" in ""Chapter 44.""",Handbook of the Indians of California,,,,,,,,,,
TKroeber1967,,"Kroeber, Theodora. ","""Prologue: Outside the Slaughter House,"" in ",Ishi in Two Worlds: A Biography of the Last Wild Indian in North America ,,,,1/1/1967,3-10. ,"University of California Press, ",1967: ,,,
Krum2014,,"Krum, Cassandra E. ","""Chapter 2: Environmental Background,"" ""Chapter 3: Cultural Background,"" and ""Chapter 8: Discussion and Conclusions: Historical Artifacts,"" in ",Early Archaeology on the Western Edge of Alta California: Malcolm Rogers' San Nicolas Island Collections ,,,,1/1/2014,"4-24, 129-30, 134-40. ","San Diego State University, ",2014: ,,,
Krythe154,yes,"Krythe, Mamie R. ","""California Yesterdays: Female Robinson Crusoe."" ",Independent-Press-Telegram (Southland Magazine) ,"3, ",no. 14 ,(21 Nov 1954): ,11/21/1954,29,,,,,
LassWoodfin1978,,"Lass-Woodfin, Mary Jo. ","""Preface"" and ""O'Dell, Scott. Island of the Blue Dolphins,"" in ",Books on American Indians and Eskimos: A selection guide for children and young adults ,,,,1/1/1978,"vii-ix, 174. ","American Library Association, ",1978: ,,,
Leadabrand1960,,"Leadabrand, Russ. ","""Where to Go, What to Do This Weekend."" ",Pasadena Independent ,,,(14 Oct 1960): ,10/14/1960,1,,,,,
Leadabrand1961,,"Leadabrand, Russ. ","""Russ Leadabrand: As I See It."" ",Pasadena Independent ,,,(23 Nov 1961): ,11/23/1961,19,,,,,
Livingston2016,,"Livingston, D. S. (Dewey)",,Island Legacies: A Hisstory of the Islands within Channel Islands National Park,,,,,"3, 50-3, 140-3",,2016,,,
Lukens1973,,"Lukens, Rebeccca. ","""Children's Books Reviewed."" ",Journal News ,"87, ",no. 302 ,"(21 Oct 1973, Women Section): ",10/21/1973,B2.,,,,,
Lundin1988,,"Lundin, Anne H. ","""The Legacy of Robinson Crusoe."" ",Five Owls ,"2, ",no. 3 ,(Jan-Feb 1988): ,1/1/1988,33-36. ,,,,,
Lyttle1956,,"Lyttle, Richard. ","""Blean San Nicolas Island Seems at Edge of World."" ",Oxnard Press-Courier ,"49, ",no. 5 ,(7 Jul 1956): ,7/7/1956,9,,,,,
Mason1976,,"Mason, Jesse D.","""The Lost Woman. From Thompson and West's History of Santa
Barbara County, 1883."" ",Original Accounts of the Lone Woman of San Nicolas Island,,,,1/1/1/1/1976,28-37,Ballena Press,1976,,,"Ballena Press

reprinted from HeizerElsasser1961"
McMahanWhitehorn1964,,"McMahon, Ida and Ethel Whitehorn. ","""Island of the Blue Dolphins"" in ""Motion Picture Previews."" ",PTA,"58, ",9,(May 1964): ,5/1/1964,39,,,,,
McNeill1953,yes,"McNeill, Don. ","""Mrs. Robinson Crusoe."" ",Coronet Magazine,35,,(Nov 1953): ,11/1/1953,25,,,,,
MeighanEberhart1953,yes,"Meighan, Clement W. and Hal Eberhart. ","""Archaeological Resources of San Nicolas Island, California."" ",American Antiquity ,"19, ",no. 2 ,(Oct 1953): ,10/1/1953,109-25. ,,,,,"communicated with publications manager 1/24; she requested more information.  Provided.  No response.  Called her on 2/25/15 and she said she had forwarded to her boss, who is out of the office this week.  I resent email and she said she'd have a response within the week.  3/3 got email saying denied because archive is about fiction. I wrote again to explain.  Awaiting response.  Multiple emails without response.

[FROM OLD, DELETED PERMISSIONS NEEDED WORK tab] communicated with publications manager 1/24; she requested more information.  Provided.  No response.  Called her on 2/25/15 and she said she had forwarded to her boss, who is out of the office this week.  I resent email and she said she'd have a response within the week.  3/3 got email saying denied because archive is about fiction. I wrote again to explain.  Awaiting response"
Mendelsohn1963,,"Mendelsohn, Harold. ","""'Dolphins' Log. California Locale New to Filmmakers Used in Movie of Female 'Crusoe' Proper Setting."" ",New York Times,,,(17 Nov 1963): ,,X6. ,,,,,
Menn1961,,"Menn, Thorpe. ","""Book Awards To Two."" ",Kansas City Star ,"81, ",no. 177 ,(13 Mar 1961): ,3/13/1961,4,,,,,
Menn1963,,"Menn, Thorpe. ","""Books of the Day."" ",Kansas City Star ,"83, ",no. 209 ,(14 Apr 1963): ,4/14/1963,3E. ,,,,,
Merrill1961,,"Merril, Jean A. ","""Year's Finest for Children."" ",Kansas City Star ,"81, ",no. 182 ,(18 Mar 1961): ,3/18/1961,16,,,,,
Miera1968,,"Miera, Arlene D. ","""Southwest Book Review."" ",Las Cruces Sun-News (CitiSun Sunday Magazine) ,"88, ",no. 18 ,(21 Apr 1968): ,4/21/1968,17,,,,,
Miller1991,,"Miller, Bruce W. ","""Lone Woman."" ",The Gabrielino ,,,,1/1/1991,39-46. ,Sand Rivers Press ,1991,,,http://www.usbizplace.com/ca-s/sand-river-press.html possible info about press? No answer on Sat. 1/24.  Or on Wed. 2/25/15
Miller1932,,"Miller, Max. ","""XXV"" in ",I Cover the Waterfront ,,,,1/1/1932,135-9. ,"E. P. Dutton and Company, Inc. ",1932,,,
Miller1959,,"Miller, Max. ","""Chapter 14,"" in ","... And Bring All Your Folks: Being a Lighthearted Examination of the Southern California Islands and Some off Mexico--In Case We Get Crowded Off the Mainland! ",,,,1/1/1959,119-132. ,"Doubleday & Company, Inc., ",1959,,,"Garden City, NY"
MorrisFarrisSchwartzWenderDralyuk2014,,"Morris, Susan L. , Glenn J. Farris, Steven J. Schwartz, Irina Vladi L. Wender, and Boris Dralyuk. ","""Murder, Massacre, and Mayhemon the California Coast, 1814 –1815: Newly Translated Russian American Company Documents Reveal Company Concern Over Violent Clashes.""",Journal of California and Great Basin Anthropology,"34, ",no. 1,(2014):,1/1/2014,81-100. ,,,,,
Munro2002,,"Munro, Pamela. ","""Takic Foundations of Nicoleno Vocabulary. ",Proceedings of the Fifth California Islands Symposium : 29 March to 1 April 1999,12,,(2002): ,1/1/2002,659-68. ,,,,,
Murphy1971_ADB,yes,"Murphy, William S. ","""Early Indian Life on Isle Indicated."" ",Anderson Daily Bulletin ,"86, ",no. 247 ,(4 Jan 1971): ,1/4/1971,24,,,,,
Murphy1971_MJ,yes,"Murphy, William S. ","""California Island Reveals Ancient Indian Civilization.""","Milwaukee Journal (Milwaukee, Wisconsin)",89th year,,"(13 Jan 1971, Green Sheet Section):",1/13/1971,1 & 3.,,,,,
TheTroyRecord1953,Y,,"""California Island Yields Indian Lore,"" ",<i>Troy (NY) Record</i>,"ser. 1,953, ",no. 240,7 October 1953,1953-10-07,,,,,,
Nichols1970,,"Nicholas, Roberta. ","""At The Library: Survival Stories Remain Favorites."" ",Independent ,"33, ",no. 41 ,(26 Feb 1970): ,2/26/1970,P-16 or Z-1. ,,,,,
Nidever1976,,"Nidever, George.","""George Nidever; The Life and Adventures of a Pioneer of
California Since 1834."" ",Original Accounts of the Lone Woman of San Nicolas Island,,,,1/1/1/1/1976,7-15,Ballena Press,1976,,,"Ballena Press

reprinted from HeizerElsasser1961"
Ogden1941,,"Ogden, Adele. ","""Footnote 70,"" in ""Chapter VI: Otter Hunting Under the Mexican Regime,"" in ",The California Sea Otter Trade 1784-1848,,,,1/1/1941,209,"University of California Press, ",1941,,,"Berkeley, CA and Los Angeles, CA"
Ollman1998,,"Ollman, Leah. ","""A Multi-Sided Look at 'Lone Woman'."" ",Los Angeles Times,,,(2 Oct 1998): ,10/2/1998,F29-F30. ,,,,,
Oulahan1964,,"Oulahan, Richard. ","""Life Movie Review: News! A Film Fit for Kids."" ",Life ,"56, ",no. 25 ,(19 Jun 1964): ,6/19/1964,16-17. ,,,,,
Parker1963,,"Parker, Frances. ","""Jasper Public Library Notes."" ",Dubois County Daily Herald ,"66, ",no. 177 ,(5 May 1961): ,5/5/1961,10,,,,,
Parsons1963,,"Parsons, Louella O. ","""Hollywood: Victor Borge Will Enter Movie Production Field."" ",Anderson Daily-Bulletin ,"79,",no. 174 ,(18 Sep 1963): ,9/18/1963,25,,,,,
Paulding1954,yes,"Paulding, Litti. ","""'The Lost Woman of San Nicolas.' Bereft Mother Lived 18 Years in Bleak Exile."" ",Santa Barbara News Press ,"99th year, ",no. 338 ,(25 Apr 1924): ,4/25/1954,F-9. ,,,,,
RadnitzToDittman_24Sept1963,,"Radnitz, Robert B.",,"Personal communication,",,,(24 Sept 1963).,,,,,personal archives of Richard Dittman,,
RadnitzToDittman_27Sept1963,,"Radnitz, Robert B.",,"Personal communication,",,,(27 Sept 1963).,,,,,personal archives of Richard Dittman,,
Raymond1984,,"Raymond, Allen. ","""A Visit with Scoot O'Dell, Master Storyteller."" ",Early Years ,"14, ",no. 7 ,(Mar 1984): ,3/1/1984,26-29. ,,,,,
Remenih1964,,"Remenih, Maurine M. ","""Island of the Blue Dolphins."" ",Jack and Jill ,,,(Jun 1964): ,6/1/1964,20-24. ,,,,,
Renninger1974,,"Renninger, Jerry. ","""Robert Radnitz Makes Films for People."" ",Palm Beach Post ,,,(17 Apr 1974): ,4/17/1974,B1 & B8. ,,,,,
Rochman2007,,"Rochman, Hazel. ","""Another Look At: Scott O'Dell's Island of the Blue Dolphins."" ",Booklist ,,,(15 Apr 2007): ,4/15/2007,54,,,,,
Rockwood1971,,"Rockwood, Agnes. ","""Just Pokin' Around."" ",Bennington Banner ,,,(7 May 1971): ,5/7/1971,3,,,,,
Romer1958,yes,"Romer, Margaret. ","""Lost Woman of San Nicolas Island."" ",Independent-Press-Telegram (Southland Magazine) ,"7, ",no. 8 ,(12 Oct 1958): ,10/12/1958,10,,,,,
Rosenthal1961,,"Rosenthal, Jules M. ","""Words And Worlds: Adventure Island."" ",Wisconsin State Journal ,,,"(9 Oct 1961, Sect 5): ",10/9/1961,3,,,,,
Sackett1960,,"Sackett, S. J.","""Island of the Blue Dolphins. By Scott O'Dell,"" in ""Reviews of Books.""  ",Western Folklore ,"19, ",no. 3 ,(Jul 1960): ,7/1/1960,221-2. ,,,,,
Saunders1964,yes,"Saunders, Rubie. ","""Celia Kaye & 'Island of the Blue Dolphins.'"" ",Calling All Girls ,,,(Sep 1964): ,9/1/1964,44-51. ,,,,,
Schubart1961,,"Schubart, Mrs. W. R. ","""Adams County Public Library."" ",Gettysburg Times ,"59, ",148,(22 Jun 1961): ,6/22/1961,8,,,,,
Smith1964,,"Smith, Fran. ","""A Producer Tells Us What's In a Movie."" ",Boys' Life ,,,(Jul 1964): ,7/1/1964,14,,,,,
Smith1961,,"Smith, Lee C. ","""Public Library Notes."" ",Evening Sun ,"97, ",14,(30 Mar 1961): ,3/30/1961,4,,,,,
Sparks1961,,"Sparks, Hale.",The Forgotten Woman.,University Explorer series broadcast script U.E. 1755. Columbia Broadcasting System script number 4025. ,,,1961,,,Permissions under investigation,,,,
Strauch1999,,"Strauch, Barbara. ","""Camping On An Isle of Menacing Mice: In Channel Islands National Park, nature's wonders include huge flowers, tiny foxes and, for one camper, the sight of skiing rodents."" ",New York Times ,"149, ","no. 51,664 ",(3 Oct 1999): ,10/3/1999,TR8. ,,,,,http://www.nytimes.com/1999/10/03/travel/camping-on-an-isle-of-menacing-mice.html
Sullivan1964,,"Sullivan, Leo. ","""Sub-Watusi Set: Blue Dolphin Film is Hit for Children."" ",Washington Post ,"87th year, ",no. 261 ,"(22 Aug 1964, Section C: City Life Section): ",8/22/1964,C7. ,,,,,
Takas1961,,"Takas, Charlotte A. ","""Library News."" ",Daily Reporter ,"58, ",no. 81 ,(14 Oct 1961): ,10/14/1961,23,,,,,
Timbrook2002,,"Timbrook, Jan. ","""Search for the Source of the Sorcerers' Stones."" ",Proceedings of the Fifth California Islands Symposium : 29 March to 1 April 1999,12,,(2002): ,1/1/2002,633-40.,,,,,
Toor1964,,"Toor, Dave.","""'Blue Dolphins' Pleasantly Entertaining.""",Eugene Register-Guard,"97th year, ",no. 289 ,(7 Aug 1964): ,8/7/1964,7A. ,,,,,
VanFleet1960,,"Van Fleet, Virginia. ","""Ideal Book for Youngsters Re-Creates Knights of Old."" ",Fort Worth Star-Telegram ,"80th year, ",no. 84 ,"(24 Apr 1960, Women's World Section): ",4/24/1960,18,,,,,"Fort Worth, Texas "
Vonbloeker1965,,"Von Bloeker Jr., Jack C.","""Land Mammals of the Southern California Islands,""",,,,,,,,,,,"[First Channel Islands Symposium]

CHECK ILL REQUEST FOR MONOGRAPH SOURCE

CONSIDER SHORTENING TO SECTION OF PAPER"
Wade1971,,"Wade, Gordon S. ","""Gift Books for Children."" ",Carroll Dailiy Times Herald ,"102, ",no. 271 ,"(17 Nov 1971, Section D): ",11/17/1971,D6. ,,,,,
Weiss1994,,"Weiss, Kenneth R. ","""Recording the Stone."" ",Los Angeles Times,,,(30 Dec 1994): ,12/30/1994,"A3, A29.",,,,,
,,"Wesselhoeft, Conrad. ","""'Blue Dolphins' Author Tells Why He Writes for Children."" ",New York Times ,,,(15 Apr 1984): ,4/15/1984,,,,,,http://www.nytimes.com/1984/04/15/nyregion/blue-dolphins-author-tells-why-he-writes-for-children.html?pagewanted=all&pagewanted=print
Wesselhoeft1984,,"Wesselhoeft, COnrad. ","""'Blue Dolphins' Author Tells Why He Writes for CHildren.""",New York Times,"133, ","46,015","(15 Apr 1984, Section 22: Westchester Weekly): ",4/15/1984,WC 27,,,,,
Wood1961,,"Wood, Jean.","""Notable Children's Books.""",Newsday,"21,",171,(25 March 1961):,3/25/1961,25,,,,,
Zbur2001,,"Zbur, Kacie. ","""Kacie Zbur. Honorable Mention. Marion Center Grade 7."" ",Indiana Gazette (Newspaper In Education Magazine) ,"91, ",no. 216 ,(14 Dec 2001): ,12/14/2001,46,,,,,
TheDailyRepublican1953,yes,,"""California Island Yields Indian Lore."" ",Daily Republican ,"107, ",no. 115 ,(29 Oct 1953): ,10/29/1953,7,,,,,
TheKaneRepublican1953,yes,,"""California Island Yields Indian Lore."" ",Kane Republican ,"60, ",no. 15 ,(1 Oct 1953): ,10/1/1953,13,,,,,
PanamaCityNews1953,yes,,"""California Island Yields Indian Lore."" ",Panama City News ,"1, ",no. 284 ,(25 Sep 1953): ,9/25/1953,11,,,,,
SanMateoTimes1953,yes,,"""California Island Yields Indian Lore."" ",San Mateo Times ,"53, ",no. 235 ,(1 Oct 1953): ,10/1/1953,19,,,,$95,"not yet paid (fee for both SM Times docs)

Jessica Stremmel email to Sara (USC account) on Oct 7, 2014 titled ""RE: permission request/nonprofit website San Mateo Times"""
MilwaukeeSentinel1945,yes,,"""Smarter Than Robinson Crusoe: Her Name Was Juana Maria and She Lived Alone on a Pacfic Island for 20 Years."" ","Milwaukee Sentinel (Milwaukee, Wisconsin)","8,",no. 41,"(24 Jun 1945, The American Weekly Insert):",6/24/1945,2,,,,,
TheBendBulletin1937,yes,,"""Nidever, Fearless Adventurer, Finds Yosemite!"" ","Bulletin (Bend, Oregon)","39, ",no. 106 ,"(9 Apr 1937, Five Star Weekly Section): ",4/9/1937,2,,,,,
CortlandStandard1926,yes,,"""Alone For Eighteen Years. Indian Woman, Abandoned on Desert Island, Finally Found by Party of Otter Hunters."" ",Cortland Standard ,,,(10 Dec 1926): ,12/10/1926,10,,,,,REPRINT STATUS (HARDACRE?!?!)
BuffaloEveningNews1926,yes,,"""San Nicolas Island Bane of Yachstmen. Kelp Beds, Great Seas Make the Landing Difficult--Used for Grazing."" ",Buffalo Evening News ,"91, ",no. 132 ,(17 Mar 1926): ,3/17/1926,33,,,,,
NewYorkTimes1927,yes,,"""Relics of Vanished Race Found On a Desert Isle. Los Angeles Museum Brings Back Bones and Implements from San Nicolas."" ",New York Times ,"76, ","no. 25, 299 ","(1 May 1927, Section 9: Special Features): ",5/1/1927,4,,,,,REPRINT STATUS
BoxOffice1964,yes,,"""The Exhibitor Has His Say About Pictures.""",Box Office,"86, ",3,"(9 Nov 1964, Mideast Edition):",11/9/1964,180,,,,,
TheAbileneReporterNews1964_Jun14,,,"""Children's Films Coming: Sneak Poittier Preview, Topical Picture Set."" ",Abilene Reporter-News ,"83rd year, ",no. 363 ,(14 Jun 1964): ,6/14/1964,11B. ,,,,,
TheAbileneReporterNews1964_May31,,,"""Theater Goers Can Expect Top Acts--Yogi, Abe, Bond."" ",Abilene Reporter-News ,"83rd year, ",no. 349 ,(31 May 1964): ,5/31/1964,12C. ,,,,,
TheAbileneReporterNews1969,,,"""Weekend TV Movies: Friday."" ",Abilene Reporter-News (Big Country TV Report) ,"89th year, ",no. 185 ,"(21 Dec 1969, Section E): ",12/21/1969,8E. ,,,,,
AmarilloGlobeTimes1964,,,"""Island Adventure To Open Thursday."" ",Amarillo Globe-Times ,"41st year, ",no. 85 ,(17 Jun 1964): ,6/17/1964,25,,,,,
AndersonDailyBulletin1974,,,"""TV movie guide: Friday."" ",Anderson Daily Bulletin (The Weekly TeleVisit Magazine) ,"90, ",no. 127 ,(17 Aug 1974): ,8/17/1974,5,,,,,
TheAndersonHerald1974,,,"""TV movie guide: Friday."" ",Anderson Herald (The Weekly TeleVisit Magazine) ,"107, ",no. 57 ,(17 Aug 1974): ,8/17/1974,5,,,,,
TheAnnistonStar1964_Jun26,,,"""Child's Novel Slated for Ritz."" ",Anniston Star ,"82, ",no. 233 ,(26 Jun 1964): ,6/26/1964,14,,,,,
TheAnnistonStar1964_Jun28,,,"""'Island Of Blue Dolphins' Shows On Screen Of Ritz."" ",Anniston Star ,"82, ",no. 235 ,(28 Jun 1964): ,6/28/1964,11A. ,,,,,
TheAnnistonStar1965,,,"""Double Hit At Bama."" ",Anniston Star ,"83, ",no. 151 ,(14 Feb 1965): ,2/14/1965,8B. ,,,,,
TheAnnistonStar1976,,,"""Movies on TV this week: Saturday."" ",Anniston Star (Tuning In Magazine),"97, ",no. 115 ,(24 Apr 1976): ,4/24/1976,TV4. ,,,,,
ArcadiaTribune1964,,,"""Family Film Fare."" ",Arcadia Tribune ,"38, ",no. 52 ,(16 Jul 1964): ,7/16/1964,24,,,,,
ArcadiaTribune1967,,,"""Family Film Fare."" ",Arcadia Tribune ,"41, ",no. 84 ,(19 Oct 1967): ,10/19/1967,19 (Arcadia Edition). ,,,,,
TheArgus1972,,,"""Guide to weekly movies: Tuesday."" ",Argus (TV Preview Magazine) ,"11, ",no. 329 ,(19 Mar 1972): ,3/19/1972,5TV. ,,,,,
TheArgus1973,,,"""Guide to weekly movies: Sunday."" ",Argus (TV Preview Magazine) ,"13, ",no. 86 ,(22 Jul 1973): ,7/22/1973,4TV. ,,,,,
TheArgus1974,,,"""Guide to weekly movies: Sunday."" ",Argus (TV Preview Magazine) ,"14, ",no. 13 ,(12 May 1974): ,5/12/1974,,,,,,
TheArgus1976,,,"""Movie Highlights: Saturday."" ",Argus (TV Preview Magazine) ,"14, ",no. 149 ,(25 Sep 1976): ,9/25/1976,4,,,,,
TheArizonaRepublic1970,,,"""Island off California providing key to Indians of 5,000 years ago."" ",Arizona Republic ,"81st year, ",no. 224 ,(26 Dec 1970): ,12/26/1970,16,,,,,
ArlingtonHeightsHerald1961,,,"""2 Award-Winning Books at Library."" ",Arlington Heights Herald ,"34th year, ",no. 31 ,(16 Mar 1961): ,3/16/1961,8,,,,,
TheBaytownSun1970,,,"""Television Schedule."" ",Baytown Sun ,,,(15 May 1970): ,5/15/1970,7,,,,,
BenningtonBanner1975,,,"""Sunday, September 28, 1975."" ",Bennington Banner (TV Week Magazine) ,,,(27 Sep 1975): ,9/27/1975,3,,,,,
TheBrazosportFacts1977,,,"""The Television Picture."" ",Brazosport Facts ,"44th year, ",no. 206 ,(18 Oct 1977): ,10/18/1977,10,,,,,
TheBridgeportPost1973,,,"""On Television Today."" ",Bridgeport Post ,"90, ",no. 34 ,(9 Feb 1973): ,2/9/1973,36,,,,,
TheBridgeportPost1975,,,"""Today's Television."" ",Bridgeport Post ,"92, ",no. 233 ,(4 Oct 1975): ,10/4/1975,17,,,,,
TheBridgeportTelegram1975,,,"""Today's Television."" ",Bridgeport Telegram ,"84, ",no. 237 ,(4 Oct 1975): ,10/4/1975,23,,,,,
,,,,,,,,,,,,,,
TheChilliwackProgress1966_Jul13,,,"""At The Drive-In."" ",Chilliwack Progress ,"76th year, ",no. 12 ,(13 Jul 1966): ,7/13/1966,2-3. ,,,,,
TheChilliwackProgress1966_Jul20,,,"""At The Drive-In."" ",Chilliwack Progress ,"76th year, ",no. 13 ,(20 Jul 1966): ,7/20/1966,2,,,,,
TheChilliwackProgress1971,,,"""Tuesday: August 17."" ",Chilliwack Progress ,"81st year, ",no. 18 ,"(11 Aug 1971, Section B): ",8/11/1971,6B. ,,,,,
TheCirclevilleHerald1971,,,"""Snkke-A-Peek."" ",Circleville Herald ,"88th year, ",no. 289 ,(9 Dec 1971): ,12/9/1971,18,,,,,
ColoradoSpringsGazetteTelegraph1964_Aug15,,,"""Lue Dolphins Producer Likes Kids."" ",Colorado Springs Gazette-Telegraph ,"93rd year, ","no. 29, 773 ",(15 Aug 1964): ,8/15/1964,3,,,,,
ColoradoSpringsGazetteTelegraph1964_Oct17,,,"""Top Film Now Showing At Cooper."" ",Colorado Springs Gazette-Telegraph ,"93rd year, ","no. 29, 836 ",(17 Oct 1964): ,10/17/1964,5,,,,,
TheCorpusChristiCallerTimes1964_Jun14,,,"""This Week's Movies."" ",Corpus Christi Caller-Times ,"35, ",no. 33 ,(14 Jun 1964): ,6/14/1964,2E. ,,,,,
TheCorpusChristiCallerTimes1964_Jun21,,,"""This Week's Movies."" ",Corpus Christi Caller-Times ,"35, ",no. 34 ,(21 Jun 1964): ,6/21/1964,9B. ,,,,,
TheCorpusChristiCallerTimes1964_Jun28,,,"""This Week's Movies."" ",Corpus Christi Caller-Times ,"35, ",no. 35 ,(28 Jun 1964): ,6/28/1964,2G. ,,,,,
CorsicanaDailySun1972,,,"""Movie Profiles."" ",Corsicana Daily Sun (Tel-Aire Magazine) ,"77, ",no. 127 ,(31 Dec 1972): ,12/31/1972,11,,,,,
CorsicanaDailySun1973,,,"""Movie Profiles."" ",Corsicana Daily Sun (Tel-Aire Magazine) ,"77, ",no. 273 ,(24 Jun 1973): ,6/24/1973,14,,,,,
DailyAmerican1977_Apr11,,,,Daily American (Shopper Supplement) ,"48, ",no. 338 ,(11 Apr 1977): ,4/11/1977,15,,,,,
DailyAmerican1977_Apr16,,,"""Television: Saturday."" ",Daily American (Shopper Supplement) ,,,(16 Apr 1977): ,4/16/1977,3,,,,,
DailyCapitalNews1971,,,"""Thursday."" ",Daily Capital News ,"60, ",no. 101 ,"(24 Jul 1971, TV Section): ",7/24/1971,5,,,,,
DailyCapitalNews1973,,,"""Daytime Weekly Television Schedule."" ",Daily Capital News ,"52, ",no. _____ ,"(7 Jul 1973, TV Section): ",7/7/1973,6,,,,,
TheDailyCourier1977,,,"""Sunday: Afternoon."" ",Daily Courier ,"75, ",no. _____ ,(16 Apr 1977): ,4/16/1977,13,,,,,
DailyIndependentJournal1961,,,"""Sausalitan Wins Award For Book."" ",Daily Independent-Journal ,"101, ",no. 97 ,(13 Jul 1961): ,7/13/1961,23,,,,,
DailyIndependentJournal1964,,,"""Summertime Is Move Time In Marin."" ",Daily Independent-Journal ,"104, ",no. 115 ,(3 Aug 1964): ,8/3/1964,12,,,,,
TheDailyLeader1973,,,"""Friday: Daytime Movies."" ",Daily Leader ,"93rd year, ",no. 167 ,"(30 Mar 1973, Section Two): ",3/30/1973,,,,,,
TheDailyLeader1974_Dec27,,,"""Tuesday: Daytime Movies."" ",Daily Leader ,"95th year, ",no. 87 ,"(27 Dec 1974, Section Three): ",12/27/1974,,,,,,
TheDailyLeader1974_Mar22,,,"""Thursday: Daytime Movies."" ",Daily Leader ,"94th year, ",no. 159 ,"(22 Mar 1974, Section Two): ",3/22/1974,,,,,,
TheDailyLeader1975,,,"""Tuesday: Daytime Movies."" ",Daily Leader ,"95th year, ",no. 212 ,"(23 May 1975, Section Two): ",5/23/1975,,,,,,
TheDailyLeader1977,,,"""Saturday: Afternoon."" ",Daily Leader ,"97th year, ",no. 222 ,"(3 Jun 1977, Section Two): ",6/3/1977,,,,,,
TheDailyMail1976,,,"""Sunday."" ",Daily Mail (TV Day Magazine) ,"148th year, ",no. 280 ,(27 Nov 1976): ,11/27/1976,13,,,,,
TheDailyNews1961,,,"""News from the Huntingdon County Library: Through These Doors."" ",Daily News ,"40, ",no. 168 ,(15 Aug 1961): ,8/15/1961,10,,,,,
TheDailyPantagraph1970,,,"""Friday Night TV."" ",Daily Pantagraph ,"125th year, ",164th day ,(13 Jun 1970): ,6/13/1970,,,,,,
TheDailyPantagraph1978,,,"""Autographed books at Normal."" ",Daily Pantagraph ,"133rd year, ",176th day ,(25 Jun 1978): ,6/25/1978,B18. ,,,,,
TheDailyRepublic1961,,,"""Carnegie Library Adds New Books For 'Small Fry.'"" ",Daily Republic ,"79, ",no. 28 ,(18 Nov 1961): ,11/18/1961,6,,,,,
TheDailySentinel1989,,,"""Death: Scott O'Dell."" ",Daily Sentinel ,"51, ",no. 216 ,(20 Oct 1989): ,10/20/1989,2,,,,,
TheDailyTimesNews1976,,,"""Tuesday Previews."" ",Daily Times-News (Showtime Magazine) ,"88th year, ",no. 345 ,(3 Jul 1976): ,7/3/1976,7,,,,,
TheDeltaDemocratTimes1964,,,,Delta Democrat-Times ,"75th year, ",no. 307 ,(27 Aug 1964): ,8/27/1964,16,,,,,
DentonRecordChronicle1971,,,"""Movie Profiles."" ",Denton Record-Chronicle ,"69th year, ",no. 125 ,(26 Dec 1971): ,12/26/1971,13,,,,,
TheDesMoinesRegister1969_Dec23,,,"""Tuesday Television Program Listings."" ",Des Moines Register ,,,(23 Dec 1969): ,12/23/1969,7,,,,,
TheDesMoinesRegister1969_Dec21,,,"""Tuesday evening."" ",Des Moines Register (Iowa Magazine) ,,,(21 Dec 1969): ,12/21/1969,7TV. ,,,,,
TheDesMoinesRegister1969_Sept28,,,"""Sunday evening."" ",Des Moines Register (Iowa Magazine) ,,,(28 Sep 1969): ,9/28/1969,4TV. ,,,,,
TheDesMoinesRegister1971,,,"""Summaries and Highlights."" ",Des Moines Register (Iowa Magazine) ,,,(16 May 1971): ,5/16/1971,10TV. ,,,,,
TheDesMoinesRegister1972_Dec31,,,"""Summaries and Highlights."" ",Des Moines Register (Iowa Magazine) ,,,(31 Dec 1972): ,12/31/1972,4TV. ,,,,,
TheDesMoinesRegister1972_Feb27,,,"""Summaries and Highlights."" ",Des Moines Register (Iowa Magazine) ,,,(27 Feb 1972): ,2/27/1972,8TV. ,,,,,
TheDesMoinesRegister1972_Nov19,,,"""Summaries and Highlights."" ",Des Moines Register (Iowa Magazine) ,,,(19 Nov 1972): ,11/19/1972,10TV. ,,,,,
TheDesMoinesRegister1964,,,"""'Blue Dolphins' For Des Moines."" ",Des Moines Sunday Register ,,,(23 Aug 1964): ,8/23/1964,9G. ,,,,,
TheEagle1972,,,"""Movie Profiles."" ",Eagle (Tel-Aire Magazine) ,"96, ",no. 1 ,(2 Jan 1972): ,1/2/1972,,,,,,
ElPasoHeraldPost1971,,,"""Wednesday Evening."" ",El Paso Herald-Post (Showtime Magazine),"91, ",no. 80 ,(3 Apr 1971): ,4/3/1971,9,,,,,
TheEmporiaGazette1963_Apr8,,,"""Based On California History: Book By Scott O'Dell Wins William Allen White Award."" ",Emporia Gazette ,,,(6 Apr 1963): ,4/6/1963,6,,,,,
TheEmporiaGazette1963_Oct22,,,"""White Book Award Winner To Be In Emporia Oct. 28th."" ",Emporia Gazette ,"74th year, ",no. 71 ,(22 Oct 1963): ,10/22/1963,13,,,,,
TheEveningIndependent1964,,,"""Adventure In Weslin Film."" ",Evening Independent ,"102nd year, ",no. 51 ,(1 Sep 1964): ,9/1/1964,8,,,,,
TheEveningReview1977,,,"""Week-end Television Listings: Saturday's Programs."" ",Evening Review ,"98, ",no. 148 ,(16 Apr 1977): ,4/16/1977,7,,,,,
ExpressAndNews1964,,,"""Comedy Stars Curtises and a Dog."" ",Express And News ,"98th year, ",no. 39 ,(7 Jun 1964): ,6/7/1964,6H. ,,,,,
FairbanksDailyNewsAndMiner1965,,,"""Children Vote for Favorite Books; Use as Gift Guide."" ",Fairbanks Daily News-Miner ,"43, ",no. 290 ,(13 Dec 1965): ,12/13/1965,5,,,,,
FondDuLacCommonwealthReporter1965,,,,Fon du Lac Commonwealth Reporter ,"39, ",no. 244 ,(17 Jul 1965): ,7/17/1965,5,,,,,
TheDailyFreeman1976,,,,Freeman (Tempo Magazine) ,"105, ",no. 238 ,(10 Oct 1976): ,10/10/1976,15,,,,,
TheGastoniaGazette1968,,,"""Seven New Network Series Offered On NBC."" ",Gastonia Gazette (Weekender Magazine) ,,,(15 Sep 1968): ,9/15/1968,P8. ,,,,,
TheGettysburgTimes1963,,,"""Book Display."" ",Gettysburg Times ,"61, ",no. 268 ,(11 Nov 1963): ,11/11/1963,1 & 3. ,,,,,
GlobeGazette1964,,,"""This week at the theaters."" ",Globe-Gazette ,"104, ",no. 173 ,(20 Aug 1964): ,8/20/1964,10,,,,,
GrandPrarieDailyNews1966,,,"""Library Lines."" ",Grand Prarie Daily News ,"68, ",no. 218 ,(11 Sep 1966): ,9/11/1966,11,,,,,
TheGuthrian1965,,,"""From Area Libraries Racoon."" ",Guthrian ,"89, ",no. 14 ,(23 Aug 1965): ,8/23/1965,5,,,,,
HazletonStandardSpeaker1964_Aug18,,,"""What's at the Movies?"" ",Hazleton Standard-Speaker ,"99, ","no. 27,423 ",(18 Aug 1964): ,8/18/1964,19,,,,,
HazletonStandardSpeaker1964_Oct2,,,"""What's at the Movies?"" ",Hazleton Standard-Speaker ,"99, ","no. 27,461 ",(2 Oct 1964): ,10/2/1964,23,,,,,
HazletonStandardSpeaker1964_Sep29,,,"""What's at the Movies?"" ",Hazleton Standard-Speaker ,"99, ","no. 27,458 ",(29 Sep 1964): ,9/29/1964,19,,,,,
TheHerald1974,,,"""Sunday."" ",Herald (TV Time Magazine) ,"7th year, ",no. 186 ,(22 Nov 1974): ,11/22/1974,14,,,,,
TheHerald1976,,,"""Monday/April 26."" ",Herald (TV Time Magazine) ,"49th year, ",no. 234 ,(24 Apr 1976): ,4/24/1976,,,,,,
TheHerald1977,,,"""Movies."" ",Herald (TV Time Magazine) ,"50th year, ",no. 270 ,(4 Jun 1977): ,6/4/1977,8,,,,,
TheHeraldBanner1972,,,"""Movie Profiles."" ",Herald Banner (Tel-Aire Magazine) ,"78, ",no. 346 ,(31 Dec 1972): ,12/31/1972,11,,,,,
TheHeraldBanner1973,,,"""Movie Profiles."" ",Herald Banner (Tel-Aire Magazine) ,"79, ",no. 159 ,(1 Jul 1973): ,7/1/1973,14,,,,,
HeraldZeitung1980,,,"""Thursday Movies."" ",Herald-Zeitung  (Tele-Times Magazine) ,"89, ",no. 59 ,(14 Sep 1980): ,9/14/1980,6,,,,,
IndependentPressTelegram1977_Mar13,,,"""TV Movie Tips."" ",Independent Press-Telegram ,"25, ",no. 34 ,"(13 Mar 1977, TeleVues Section): ",3/13/1977,23,,,,,
IndependentPressTelegram1977_Oct6,,,"""Sunday."" ",Independent Press-Telegram ,"26, ",no. 13 ,"(16 Oct 1977, TeleVues Section): ",10/16/1977,6,,,,,
IndependentJournal1975,,,"""Sunday TV Marquee."" ",Independent-Journal ,"115, ",no. 168 ,"(4 Oct 1975, TV Section): ",10/4/1975,2,,,,,
TheIndexJournal1982,,,"""Sunday: Afternoon."" ",Index Journal ,"64th year, ",no. 54 ,"(17 Apr 1982, TV Index): ",4/17/1982,2,,,,,
JacksonvilleDailyJournal1970,,,"""Movies."" ",Jacksonville Daily Jounral ,"109, ",no. 1117 ,"(13 Jun 1970, TV Listings Section): ",6/13/1970,4,,,,,
JacksonvilleDailyJournal1971,,,"""Movies."" ",Jacksonville Daily Jounral ,"110, ",no. 144 ,"(24 Jul 1971, TV Listings Section): ",7/24/1971,3,,,,,
TheJeffersonBee1964,,,"""What's Showing?"" ",Jefferson Bee ,"99, ",no. 36 ,(8 Sep 1964): ,9/8/1964,,,,,,
TheJournalNews1972,,,"""Highlights and movies: Wednesday."" ",Journal News ,"86, ",no. 207 ,(26 Aug 1972): ,8/26/1972,,,,,,
TheJuniorBookshelf1961,,,"""O'Dell, S. Island of the Blue Dolphins.""",Junior Bookshelf,"25, ",no. 3 ,(Jul 1961): ,7/1/1961,150-1. ,,,,,
KingsportTimes1973_Apr10,,,"""Movies On TV."" ",Kingsport Times ,"61, ",no. 71 ,(10 Apr 1973): ,4/10/1973,,,,,,
KingsportTimes1973_May30,,,"""Movies On TV."" ",Kingsport Times ,"61, ",no. 106,(30 May 1973): ,5/30/1973,,,,,,
KingsportTimesNews1973,,,"""Movies On TV."" ",Kingsport Times News ,"42, ",no. 47 ,"(8 Apr 1973, Section C): ",4/8/1973,11C. ,,,,,
TheKokomoTribune1974,,,"""TV movies: Friday."" ",Kokomo Tribune ,"123, ",no. 347 ,(17 Aug 1974): ,8/17/1974,7,,,,,
LakeCharlesAmericanPress1964,,,"""Amusements and Arts: Movie Rating."" ",Lake Charles American Press,"67th year, ","no. 25,717 ",(31 May 1964): ,5/31/1964,26,,,,,
LeaderTimes1977,,,"""TV Log: Sunday."" ",Leader-Times ,"89, ",no. 90 ,(16 Apr 1977): ,4/16/1977,9,,,,,
LebanonDailyNews1976_Jun5,,,"""Sunday."" ",Lebanon Daily News ,"104th, ",no. 232 ,"(5 Jun 1976, TV Log Section): ",6/5/1976,4,,,,,
LebanonDailyNews1976_Nov13,,,"""Tuesday."" ",Lebanon Daily News ,"105th year, ",no. 57 ,"(13 Nov 1976, TV Log Section): ",11/13/1976,6,,,,,
TheLenoxTimeTable1961,,,"""Tempting List of Books at Library."" ",Lenox Time Table ,"86, ",no. 31 ,(20 Apr 1961): ,4/20/1961,1,,,,,
LubbockAvalancheJournal1970,,,"""Feature Movies On TV This Week."" ",Lubbock Avalanche-Journal ,"44, ",no. 22 ,"(1 Feb 1970, TV Section): ",2/1/1970,11,,,,,
LubbockAvalancheJournal1972,,,"""Feature Movies On TV This Week."" ",Lubbock Avalanche-Journal ,"46, ",no. 38 ,"(28 May 1972, TV Section): ",5/28/1972,12-3. ,,,,,
LubbockEveningJournal1953,,,"""California Island Yields Indian Lore."" ",Lubbock Evening Journal ,"30, ",no. 19 ,"(2 Oct 1953, Sect 2): ",10/2/1953,5,,,,,
McKinneyDailyCourierGazette1972,,,"""Movie Profiles."" ",McKinney Daily Courier-Gazette (Tel-Aire Magazine) ,"76, ",no. 262 ,(31 Dec 1972): ,12/31/1972,13,,,,,
TheMorningHerald1976,,,"""Tuesday."" ",Morning Herald (TV Day Magzaine) ,"103rd year, ",no. 264 ,(13 Nov 1976): ,11/13/1976,14,,,,,
NaplesDailyNews1974_Aug18,,,"""Daytime TV: Wed--Aug 21."" ",Naples Daily News ,"52nd year, ",no. 21 ,"(18 Aug 1974, TV News Section): ",8/18/1974,12H.,,,,,
NaplesDailyNews1974_Aug20,,,"""Daytime TV: Wed--Aug 21."" ",Naples Daily News ,"52nd year, ",no. 23 ,"(20 Aug 1974, Regional Scene Section): ",8/20/1974,,,,,,
NaplesDailyNews1976,,,"""TV Movies: Saturday--October 2."" ",Naples Daily News ,"54th year, ",no. 55 ,"(27 Sep 1976, TV News Section): ",9/27/1976,19H. ,,,,,
NeenahMenashaNorthwestern1974,,,"""TV today, Sun., and Mon.: Sunday."" ",Neenah-Menasha Northwestern ,107th year ,,(19 Jan 1974): ,1/19/1974,22,,,,,
NewportDailyNews1960,,,"""The People's Library: Children's Department.""",Newport Daily News ,"115, ",no. 284 ,(10 Sep 1960): ,9/10/1960,9,,,,,
NewsJournal1964,,,"""'Island Of Blue Dolphins' Makes An Enchanting Film."" ",News Journal (Weekend Magazine) ,"80, ",no. 169 ,(23 Aug 1964): ,8/23/1964,15,,,,,
NorthHillsNewsRecord1977,,,"""This week's movies: Sunday."" ",North Hills News Record (North Hills Magazine) ,"_____th year, ",no. 11 ,(16 Apr 1977): ,4/16/1977,23,,,,,
NorthwestArkansasTimes1963_Jul5,,,"""Annual Children's Book Fair Closes At U.A.""",Northwest Arkansas Times ,"204th year, ",no. 18 ,(5 Jul 1963): ,7/5/1963,7,,,,,
TheOdessaAmerican1973,,,"""Movie Marquee: Wednesday."" ",Odessa American (TV News Magazine) ,"48, ",no. 362 ,(30 Dec 1973): ,12/30/1973,14,,,,,
OgdenStandardExaminer1964,,,"""Adventure Film Stars Girl on Deserted Isle."" ",Ogden Standard-Examiner ,"77, ",no. 239 ,(26 Aug 1964): ,8/26/1964,2C.,,,,,
TheOttawaJournal1970_Nov17,,,"""TV programs and highlights: Wednesday, November 17, 1970."" ",Ottawa Journal ,"85th year, ",no. 286 ,(17 Nov 1970): ,11/17/1970,46,,,,,
TheOttawaJournal1970_Oct16,,,"""TV programs and highlights: Saturday, October 17, 1970."" ",Ottawa Journal ,"85th year, ",no. 259 ,(16 Oct 1970): ,10/16/1970,26,,,,,
TheOttawaJournal1971_Dec28,,,"""TV programs and highlights: Wednesday, December 29, 1971."" ",Ottawa Journal ,"87th year, ",no. 15 ,(28 Dec 1971): ,12/28/1971,32,,,,,
TheOttawaJournal1971_May28,,,"""TV programs and highlights: Friday, May 28, 1971."" ",Ottawa Journal ,"86th year, ",no. 142 ,(28 May 1971): ,5/28/1971,34,,,,,
TheOttawaJournal1972_Aug24,,,"""TV programs and highlights: Thursday, August 24, 1972."" ",Ottawa Journal ,"87th year, ",no. 216 ,(24 Aug 1972): ,8/24/1972,46,,,,,
TheOttawaJournal1972_Aug19,,,"""(Night) Thursday."" ",Ottawa Journal (TV Journal Magazine) ,"87th year, ",no. 212 ,(19 Aug 1972): ,8/19/1972,35,,,,,
TheOttawaJournal1970_Nov14,,,"""Wednesday, November 18."" ",Ottawa Journal (Your Cover Magazine) ,"85th year, ",no. 284 ,(14 Nov 1970): ,11/14/1970,24,,,,,
TheOttawaJournal1970_Oct17,,,"""Saturday (Day)."" ",Ottawa Journal (Your Cover Magazine) ,"85th year, ",no. 260 ,(17 Oct 1970): ,10/17/1970,6,,,,,
FulmerToODell1964,,,,"Personal communication,",,,(17 Nov 1964),11/17/1964,,,,,,
ThePoconoRecord1976,,,"""Sunday."" ",Pocono Record ,"83, ",no. 55 ,(5 Jun 1976): ,6/5/1976,,,,,,
ThePostCrescent1970_Nov18,,,"""TV Movies."" ",Post-Crescent ,"86, ",no. 73 ,"(18 Nov 1970, Section D): ",11/18/1970,D10. ,,,,,
ThePostCrescent1970_Nov26,,,"""TV Movies."" ",Post-Crescent ,"86, ",no. 80 ,"(26 Nov 1970, Section D): ",11/26/1970,D10. ,,,,,
ThePostCrescent1974,,,"""What's the Movie?: Sunday"" ",Post-Crescent (TV Time Magazine) ,,,(29 Dec 1974): ,12/29/1974,22,,,,,
ThePostStandard1961,,,"""The Public Library: Top Books for Children."" ",Post-Standard ,"132nd year, ",,(20 Mar 1961): ,3/20/1961,4,,,,,
ProgressBulletin1972,,,"""'Dolphins' To Be Shown In Claremont."" ",Progress-Bulletin ,"88, ",no. 67 ,"(6 Apr 1972, Section D): ",4/6/1972,D4. ,,,,,
RedlandsDailyFacts1963,,,"""Autho O'Dell Kingsbury Book Fair Speaker."" ",Redlands Daily Facts ,73rd year,,(3 Apr 1963): ,4/3/1963,3,,,,,
RedlandsDailyFacts1965,,,"""Scott O'Dell To Be Guest Author At Book Fair."" ",Redlands Daily Facts ,75th year,,(5 Apr 1965): ,4/5/1965,3,,,,,
SanMateoTimes1972,,,"""Tuesday."" ",San Mateo Times and Daily News Leader (Weekend Magazine) ,"72, ",no. 67 ,(18 Mar 1972): ,3/18/1972,,,,,$95,"not yet paid (fee for both SM Times docs)

Jessica Stremmel email to Sara (USC account) on Oct 7, 2014 titled ""RE: permission request/nonprofit website San Mateo Times"""
TheSeguinGazetteEnterprise1981,,,"""Movies For This Week: Sunday."" ",Seguin Gazette-Enterprise (Tele-Times Magazine) ,"92, ",no. 121 ,(15 Feb 1981): ,2/15/1981,4,,,,,
TheSeguinGazetteEnterprise1982,,,"""Sunday."" ",Seguin Gazette-Enterprise (Tele-Times Magazine) ,"93, ",no. 170 ,(18 Apr 1982): ,4/18/1982,26,,,,,
SouthernIllinoisan1977,,,"""Saturday."" ",Southern Illinoisan (Sunday Magazine) ,"25, ",no. 289 ,(11 Dec 1977): ,12/11/1977,8A. ,,,,,
TheSundayNewsAndTribune1965,,,"""Hayley Discovers Romance In 'Truth About Spring.'"" ",Sunday News and Tribune ,"39, ",no. 45 ,(18 Apr 1965): ,4/18/1965,6,,,,,
TheDailyPentagraph1961,,,"""Library Offers World Of Adventure to Youth."" ",Sunday Pentagraph ,"116th year, ",64th day ,(5 Mar 1951): ,3/5/1951,40,,,,,
TheTerreHauteStar1961,,,"""'Medal"" Juvenile Books at Library."" ",Terre Haute Star ,"112, ",no. 64 ,(14 Apr 1961): ,4/14/1961,14,,,,,
TheTimes1962,,,"""P-TA To Hose Scott O'Dell."" ",Times ,"62, ",no. 25 ,(29 Jan 1962): ,1/29/1962,14,,,,,
TheTimesHeraldRecord1976_Oct16,,,"""Television."" ",Times Herald Record ,,,(16 Oct 1976): ,10/16/1976,32,,,,,
TheTimesHeraldRecord1976_Oct10,,,"""Saturday."" ",Times Herald Record (Etcetera Magazine) ,,,(10 Oct 1976): ,10/10/1976,22,,,,,
TheTimesStandard1977,,,"""Times-Standard's TV log."" ",Times-Standard ,"124, ",no. 208 ,(31 Jul 1977): ,7/31/1977,,,,,,
TiptonDailyTribune1969,,,"""Movies For This Week."" ",Tipton Daily Tribune ,"75, ",no. 68 ,(22 Dec 1969): ,12/22/1969,7,,,,,
TusconDailyCitizen1964,,,"""At The Movies."" ",Tuscon Daily Citizen ,"92, ",no. 166 ,(11 Jul 1964): ,7/11/1964,29,,,,,
TusconDailyCitizen1966,,,"""At The Movies."" ",Tuscon Daily Citizen ,"94, ",no. 19 ,(22 Jan 1966): ,1/22/1966,35,,,,,
TusconDailyCitizen1972_Mar1,,,"""Tuscon Television."" ",Tuscon Daily Citizen ,"102, ",no. 52 ,(1 Mar 1972): ,3/1/1972,28,,,,,
TusconDailyCitizen1972_Mar2,,,"""Tuscon Television."" ",Tuscon Daily Citizen ,"102, ",no. 53 ,(2 Mar 1972): ,3/2/1972,26,,,,,
TusconDailyCitizen1974_Mar13,,,"""Tuscon Television."" ",Tuscon Daily Citizen ,"106, ",no. 58 ,(13 Mar 1974): ,3/13/1974,27,,,,,
TusconDailyCitizen1974_Mar14,,,"""Tuscon Television."" ",Tuscon Daily Citizen ,"106, ",no. 60 ,(14 Mar 1974): ,3/14/1974,27,,,,,
TusconDailyCitizen1971,,,"""Saturday TV."" ",Tuscon Daily Citizen (¡Olé! Magazine) ,"101, ",no. 167 ,"(10 Jul 1971, Magazine Section Two): ",7/10/1971,,,,,,
UkiahDailyJournal1977_Jul29,,,,Ukiah Daily Journal ,"117th year, ",no. 73 ,"(29 Jul 1977, Living Section): ",7/29/1977,7,,,,,
UkiahDailyJournal1977_Sep18,,,"""Saturday."" ",Ukiah Daily Journal ,"117th year, ",no. 110,"(18 Sep 1977, Living Section): ",9/18/1977,13,,,,,
ValleyMorningStar1953,,,"""California Island Yields Indian Lore."" ",Valley Morning Star ,"44th year, ",no. 126 ,(6 Nov 1953): ,11/6/1953,B6. ,,,,,
WinonDailyNews1961,,,"""Library Corner."" ",Winona Daily News,"106th year, ",,(20 May 1961): ,5/20/1961,9,,,,,
,,,,,,,,,,,,,,
SomethingAboutTheAuthor1990,,,"""O'Dell, Scott 1898-1989."" ",Something About the Author ,60,,(1990): ,1990,111-121.,,,,,
SomethingAboutTheAuthor2003,,,"""O'Dell, Scott 1898-1989."" ",Something About the Author ,134,,(2003): ,2003,128-133.,,,,,
SantaBarbaraNewsPress1961,,,"""Dates--In Santa Barbara's Colorful History."" ",Santa Barbara News Press ,,,"(6 Aug 1961, Section E): ",8/6/1961,E12-E13. ,,,,,
TheCalgaryHerald1964,,,"""Children's Film Field is Invaded."" ",Calgary Herald ,,,(6 Jul 1964): ,7/6/1964,10,,,,,
TheCalendar1975,,,"""Books Remembered: Scott O'Dell."" ",Calendar ,"34, ",no. 2 ,(Sep 1975-Feb 1976): ,9/1/1975,6,,,,,
TheKingstonDailyFreeman1964,,,"""P-TA Schedules Movie Three Days For Scholarships."" ",Kingston Daily Freeman ,"94, ",no. 38 ,(2 Dec 1964): ,12/2/1964,26,,,,,
NewYorkTimesBookReview1937,,,"""The Life and Adventures of George Nidever (1802-1883). Edited by William Henry Ellison. 128 pp. Berkeley, Calif.: University of California Press. $2,"" in ""Miscellaneous Brief Reviews."" ",New York Times ,"86, ","no. 28, 911 ","(21 Mar 1937, Section 7: New York Times Book Review ): ",3/21/1937,14,,,,,
BuffaloCourierExpress1960,,,"""California Rich Lure to Visitors."" ",Buffalo Courier-Express ,,,(11 Sep 1960): ,9/11/1960,14-D. ,,,,,
BuffaloCourierExpress1964,,,"""Review: Fine Children's Film Makes Bow at Buffalo."" ",Buffalo Courier-Express ,"130, ",no. 10 ,(30 Jul 1964): ,7/30/1964,7,,,,,
TheEveningNews1954,,,"""California Island Yields Indian Lore."" ",Evening News ,,,(6 Jan 1954): ,1/6/1954,4,,,,,REPRINT STATUS
TheWashingtonPost1953,,,"""California Island Has Indian Lorie."" ",Washington Post ,,"no. 28, 299 ",(8 Dec 1953): ,12/8/1953,25,,,,,
SantaBarbaraNewsPress1967,,,"""Santa Barbara's Female Crusoe,""",Santa Barbara News-Press ,113th year,,(13 Aug 1967):,8/13/1967,I 12-3,,,,,
SantaBarbaraNewsPress1960,,,"""Dates in Santa Barbara's Story,""",Santa Barbara News-Press ,,,(7 Aug 1960):,8/7/1960,F 6-7,,,,,
TheEveningPost1928,,,"""An Island Tale. Juanna Better-Than-Nothing.""","Evening Post (Wellington, New Zealand)",105,no. 23,(28 Jan 1928):,,20,,,,,
CatholicFreemansJournal1935,,,"""The Tragedy of a Deserted Island.""","Catholic Freeman's Journal (Sydney, Australia)",83,,(16 May 1935):,,12,,,,,
Jakobeit1992,,,,,,,,,,,,,,Germany
Schonfeldt1963,,,,,,,,,,,,,,Germany
Schonfeldt1978,,,,,,,,,,,,,,Germany
Stach1991,,,,,,,,,,,,,,Germany
Stach1992,,,,,,,,,,,,,,Germany
Zeit1962,,,,,,,,,,,,,,Germany
Zeit1963,,,,,,,,,,,,,,Germany
TheEveningPost1928,,,"""Juana Better-Than-Nothing"" and ""A Vanished Race."" ",Evening Post ,"105, ",23,(28 Jan 1928): ,,20,,,,,"Wellington, New Zealand

At the point we determined permissions would need to be obtained because of the piublication date, we had already decided to stop pursuing permission becuase of prioritization of work."
CatholicFreemansJournal1935,,,"""The Tradgedy of a Deserted Island.""",Catholic Freeman's Journal,"83,",,(16 May 1935):,,12,,,,,"Sydney, New South Wales

At the point we determined permissions would need to be obtained because of the piublication date, we had already decided to stop pursuing permission becuase of prioritization of work."
FulmerToODell1964,,,,,,,,,,,,,,
AmericanHistory2013,,,,,,,,,,,,,,"AmericanHistory2013_DigSur

Text and citation found through reprint online: http://www.historynet.com/gazette-american-history-april-2013.htm

If procesing this, consider getting permission for digital surrogate of online publication as well"